question,answer
What is Noonan syndrome?,Noonan syndrome is a genetic disorder affecting development in multiple parts of the body.
Define Noonan syndrome.,Noonan syndrome is a genetic condition that causes developmental abnormalities and physical differences.
What causes Noonan syndrome?,Noonan syndrome is caused by mutations in genes such as PTPN11 SOS1 RAF1 and KRAS.
Which genes are involved in Noonan syndrome?,Genes including PTPN11 SOS1 RAF1 and KRAS are commonly associated with Noonan syndrome.
What are symptoms of Noonan syndrome?,Symptoms include heart defects short stature facial differences chest deformities and developmental delays.
What are the signs of Noonan syndrome?,Common signs include congenital heart disease short stature unusual facial appearance and delayed growth.
What are clinical features of Noonan syndrome?,Clinical features include pulmonary stenosis hypertrophic cardiomyopathy developmental delays and short height.
How is Noonan syndrome diagnosed?,Diagnosis involves clinical examination genetic testing family history evaluation and heart imaging tests.
What tests diagnose Noonan syndrome?,Doctors use genetic testing echocardiograms ECGs and physical examinations.
Can Noonan syndrome be cured?,There is currently no permanent cure for Noonan syndrome.
What is the treatment for Noonan syndrome?,Treatment focuses on symptom management including heart care hormone therapy and educational support.
How do doctors treat Noonan syndrome?,Doctors manage symptoms through cardiac treatment growth hormone therapy and developmental assistance.
Is Noonan syndrome inherited?,Yes Noonan syndrome is often inherited in an autosomal dominant pattern.
Can Noonan syndrome occur randomly?,Yes some cases occur due to new spontaneous genetic mutations.
What is the life expectancy of people with Noonan syndrome?,Many individuals with Noonan syndrome can live productive lives with proper medical care.
Can people with Noonan syndrome live normal lives?,Many individuals can lead relatively normal lives with early diagnosis and treatment.
Does Noonan syndrome affect the heart?,Yes heart abnormalities are one of the most common complications of Noonan syndrome.
What heart defects occur in Noonan syndrome?,Pulmonary valve stenosis and hypertrophic cardiomyopathy are common heart conditions.
Can Noonan syndrome affect learning?,Some individuals may experience learning difficulties or developmental delays.
Is growth affected in Noonan syndrome?,Yes short stature and delayed growth are common features.
What facial features are seen in Noonan syndrome?,Features may include wide-set eyes low-set ears and a broad forehead.
Can children inherit Noonan syndrome from parents?,Yes a parent with Noonan syndrome can pass the mutation to children.
What type of genetic disorder is Noonan syndrome?,It is an autosomal dominant genetic disorder.
What medical specialists treat Noonan syndrome?,Cardiologists geneticists endocrinologists and developmental specialists may be involved.
Can Noonan syndrome be detected genetically?,Yes genetic testing can identify mutations linked to Noonan syndrome.
What developmental problems occur in Noonan syndrome?,Speech delays motor delays and mild intellectual disabilities may occur.
What is pulmonary stenosis?,Pulmonary stenosis is a heart valve condition commonly associated with Noonan syndrome.
What is hypertrophic cardiomyopathy?,It is a condition where heart muscles become abnormally thick.
Can adults have Noonan syndrome?,Yes Noonan syndrome affects both children and adults.
Is Noonan syndrome rare?,Yes it is considered a relatively rare genetic disorder.
